{"count":1,"self":749.4086656,"total":756.976765,"children":{"AgentResetIfDone":{"count":28388,"self":1.604858,"total":1.604858,"children":null},"AgentSendState":{"count":28388,"self":2.082743,"total":3.057938,"children":{"CollectObservations":{"count":28388,"self":0.97519499999999992,"total":0.97519499999999992,"children":null}}},"DecideAction":{"count":28388,"self":1.1275659999999998,"total":1.1275659999999998,"children":null},"AcademyStep":{"count":28388,"self":0.83786299999999991,"total":0.83786299999999991,"children":null},"AgentAct":{"count":28388,"self":0.9383459999999999,"total":0.9383459999999999,"children":null}}}