{"count":1,"self":69.6320896,"total":70.464955,"children":{"AgentResetIfDone":{"count":3261,"self":0.162481,"total":0.162481,"children":null},"AgentSendState":{"count":3261,"self":0.219044,"total":0.323764,"children":{"CollectObservations":{"count":3261,"self":0.10472,"total":0.10472,"children":null}}},"DecideAction":{"count":3261,"self":0.11856799999999999,"total":0.11856799999999999,"children":null},"AcademyStep":{"count":3261,"self":0.090443,"total":0.090443,"children":null},"AgentAct":{"count":3261,"self":0.135966,"total":0.135966,"children":null}}}