{"count":1,"self":80.805472,"total":81.652193,"children":{"AgentResetIfDone":{"count":3887,"self":0.169061,"total":0.169061,"children":null},"AgentSendState":{"count":3887,"self":0.22364199999999998,"total":0.335449,"children":{"CollectObservations":{"count":3887,"self":0.11180699999999999,"total":0.11180699999999999,"children":null}}},"DecideAction":{"count":3887,"self":0.11512299999999999,"total":0.11512299999999999,"children":null},"AcademyStep":{"count":3887,"self":0.092706,"total":0.092706,"children":null},"AgentAct":{"count":3887,"self":0.132802,"total":0.132802,"children":null}}}